so_number,invoice_symbol,invoice_number,order_date,customer_code
BH26.0935,C26TTN,,2026-03-01,KH-00157
BH26.0936,C26TTN,,2026-03-01,KH-00157
BH26.0937,C26TTN,,2026-03-01,KH-00157
BH26.0939,C26TTN,,2026-03-01,KH-00415
BH26.0940,C26TTN,,2026-03-01,KH-00450
BH26.0941,C26TTN,,2026-03-01,KH-00395
BH26.0942,C26TTN,,2026-03-01,KH-00076
BH26.0943,C26TTN,,2026-03-01,KH-00569
BH26.0945,C26TTN,,2026-03-01,KH-00168
BH26.0946,C26TTN,,2026-03-01,KH-00544
BH26.0947,C26TTN,,2026-03-01,KH-00459
BH26.0948,C26TTN,,2026-03-01,KH-00459
BH26.0949,C26TTN,,2026-03-01,KH-00386
BH26.0951,C26TTN,,2026-03-01,KH-00629
BH26.0952,C26TTN,,2026-03-01,KH-00628
BH26.0953,C26TTN,,2026-03-01,KH-00463
BH26.0954,C26TTN,,2026-03-01,KH-00476
BH26.0955,C26TTN,,2026-03-01,KH-00217
BH26.0956,C26TTN,,2026-03-01,KH-00571
BH26.0957,C26TTN,,2026-03-01,KH-00659
BH26.0958,C26TTN,,2026-03-01,KH-00583
BH26.0959,C26TTN,,2026-03-01,KH-00420
BH26.0960,C26TTN,,2026-03-01,KH-00506
BH26.0961,C26TTN,,2026-03-01,KH-00598
BH26.0962,C26TTN,,2026-03-01,KH-00446
BH26.0964,C26TTN,,2026-03-02,KH-00402
BH26.0965,C26TTN,,2026-03-02,KH-00402
BH26.0966,C26TTN,,2026-03-02,KH-00564
BH26.0967,C26TTN,,2026-03-02,KH-00668
BH26.0968,C26TTN,,2026-03-02,KH-00568
BH26.0969,C26TTN,,2026-03-02,KH-00612
BH26.0971,C26TTN,,2026-03-02,KH-00660
BH26.0972,C26TTN,,2026-03-02,KH-00363
BH26.0973,C26TTN,,2026-03-02,KH-00663
BH26.0974,C26TTN,,2026-03-02,KH-00447
BH26.0975,C26TTN,,2026-03-02,KH-00693
BH26.0976,C26TTN,,2026-03-02,KH-00503
BH26.0977,C26TTN,,2026-03-02,KH-00348
BH26.0978,C26TTN,,2026-03-02,KH-00652
BH26.0979,C26TTN,,2026-03-02,KH-00409
BH26.0980,C26TTN,,2026-03-02,KH-00501
BH26.0981,C26TTN,,2026-03-02,KH-00408
BH26.0982,C26TTN,,2026-03-02,KH-00147
BH26.0983,C26TTN,,2026-03-02,KH-00027
BH26.0984,C26TTN,,2026-03-02,KH-00477
BH26.0985,C26TTN,,2026-03-02,KH-00564
BH26.0986,C26TTN,,2026-03-02,KH-00288
BH26.0987,C26TTN,,2026-03-02,KH-00088
BH26.0988,C26TTN,,2026-03-02,KH-00366
BH26.0989,C26TTN,,2026-03-02,KH-00359
BH26.0990,C26TTN,,2026-03-02,KH-00440
BH26.0991,C26TTN,,2026-03-02,KH-00485
BH26.0992,C26TTN,,2026-03-02,KH-00384
BH26.0993,C26TTN,,2026-03-02,KH-00385
BH26.0994,C26TTN,,2026-03-02,KH-00615
BH26.0995,C26TTN,,2026-03-02,KH-00563
BH26.0996,C26TTN,,2026-03-03,KH-00091
BH26.0997,C26TTN,,2026-03-03,KH-00338
BH26.0998,C26TTN,,2026-03-03,KH-00605
BH26.0999,C26TTN,,2026-03-03,KH-00605
BH26.1000,C26TTN,,2026-03-03,KH-00605
BH26.1001,C26TTN,,2026-03-03,KH-00508
BH26.1003,C26TTN,,2026-03-03,KH-00545
BH26.1004,C26TTN,,2026-03-03,KH-00402
BH26.1005,C26TTN,,2026-03-03,KH-00386
BH26.1006,C26TTN,,2026-03-03,KH-00521
BH26.1007,C26TTN,,2026-03-03,KH-00024
BH26.1009,C26TTN,,2026-03-03,KH-00219
BH26.1010,C26TTN,,2026-03-03,KH-00565
BH26.1011,C26TTN,,2026-03-03,KH-00360
BH26.1012,C26TTN,,2026-03-03,KH-00639
BH26.1013,C26TTN,,2026-03-03,KH-00380
BH26.1014,C26TTN,,2026-03-03,KH-00383
BH26.1015,C26TTN,,2026-03-03,KH-00702
BH26.1016,C26TTN,,2026-03-03,KH-00379
BH26.1019,C26TTN,,2026-03-04,KH-00617
BH26.1020,C26TTN,,2026-03-04,KH-00543
BH26.1021,C26TTN,,2026-03-04,KH-00435
BH26.1022,C26TTN,,2026-03-04,KH-00414
BH26.1023,C26TTN,,2026-03-04,KH-00147
BH26.1025,C26TTN,,2026-03-04,KH-00385
BH26.1027,C26TTN,,2026-03-04,KH-00547
BH26.1028,C26TTN,,2026-03-04,KH-00580
BH26.1029,C26TTN,,2026-03-04,KH-00445
BH26.1030,C26TTN,,2026-03-04,KH-00046
BH26.1031,C26TTN,,2026-03-04,KH-00486
BH26.1032,C26TTN,,2026-03-04,KH-00487
BH26.1033,C26TTN,,2026-03-04,KH-00423
BH26.1034,C26TTN,,2026-03-04,KH-00338
BH26.1035,C26TTN,,2026-03-04,KH-00472
BH26.1036,C26TTN,,2026-03-04,KH-00534
BH26.1037,C26TTN,,2026-03-04,KH-00344
BH26.1038,C26TTN,,2026-03-04,KH-00091
BH26.1039,C26TTN,,2026-03-05,KH-00359
BH26.1040,C26TTN,,2026-03-05,KH-00434
BH26.1041,C26TTN,,2026-03-05,KH-00594
BH26.1042,C26TTN,,2026-03-05,KH-00594
BH26.1043,C26TTN,,2026-03-05,KH-00459
BH26.1044,C26TTN,,2026-03-05,KH-00210
BH26.1045,C26TTN,,2026-03-05,KH-00429
BH26.1047,C26TTN,,2026-03-05,KH-00346
BH26.1048,C26TTN,,2026-03-05,KH-00659
BH26.1049,C26TTN,,2026-03-05,KH-00397
BH26.1050,C26TTN,,2026-03-05,KH-00546
BH26.1051,C26TTN,,2026-03-05,KH-00569
BH26.1052,C26TTN,,2026-03-05,KH-00546
BH26.1053,C26TTN,,2026-03-05,KH-00134
BH26.1055,C26TTN,,2026-03-05,KH-00559
BH26.1056,C26TTN,,2026-03-05,KH-00372
BH26.1057,C26TTN,,2026-03-05,KH-00494
BH26.1058,C26TTN,,2026-03-05,KH-00426
BH26.1059,C26TTN,,2026-03-05,KH-00539
BH26.1060,C26TTN,,2026-03-05,KH-00354
BH26.1061,C26TTN,,2026-03-05,KH-00543
BH26.1062,C26TTN,,2026-03-05,KH-00091
BH26.1063,C26TTN,,2026-03-05,KH-00646
BH26.1064,C26TTN,,2026-03-05,KH-00451
BH26.1065,C26TTN,,2026-03-05,KH-00345
BH26.1067,C26TTN,,2026-03-05,KH-00347
BH26.1069,C26TTN,,2026-03-06,KH-00007
BH26.1070,C26TTN,,2026-03-06,KH-00232
BH26.1071,C26TTN,,2026-03-06,KH-00463
BH26.1072,C26TTN,,2026-03-06,KH-00378
BH26.1073,C26TTN,,2026-03-06,KH-00620
BH26.1074,C26TTN,,2026-03-06,KH-00670
BH26.1075,C26TTN,,2026-03-06,KH-00458
BH26.1076,C26TTN,,2026-03-06,KH-00074
BH26.1077,C26TTN,,2026-03-06,KH-00374
BH26.1078,C26TTN,,2026-03-06,KH-00498
BH26.1079,C26TTN,,2026-03-06,KH-00524
BH26.1081,C26TTN,,2026-03-06,KH-00453
BH26.1082,C26TTN,,2026-03-06,KH-00488
BH26.1084,C26TTN,,2026-03-06,KH-00513
BH26.1085,C26TTN,,2026-03-06,KH-00414
BH26.1087,C26TTN,,2026-03-07,KH-00006
BH26.1088,C26TTN,,2026-03-07,KH-00006
BH26.1089,C26TTN,,2026-03-07,KH-00006
BH26.1091,C26TTN,,2026-03-07,KH-00377
BH26.1092,C26TTN,,2026-03-07,KH-00471
BH26.1093,C26TTN,,2026-03-07,KH-00646
BH26.1095,C26TTN,,2026-03-07,KH-00091
BH26.1096,C26TTN,,2026-03-07,KH-00481
BH26.1097,C26TTN,,2026-03-07,KH-00434
BH26.1098,C26TTN,,2026-03-07,KH-00570
BH26.1099,C26TTN,,2026-03-07,KH-00546
BH26.1100,C26TTN,,2026-03-07,KH-00446
BH26.1101,C26TTN,,2026-03-07,KH-00397
BH26.1102,C26TTN,,2026-03-07,KH-00533
BH26.1103,C26TTN,,2026-03-07,KH-00344
BH26.1104,C26TTN,,2026-03-07,KH-00347
BH26.1105,C26TTN,,2026-03-07,KH-00511
BH26.1107,C26TTN,,2026-03-07,KH-00507
BH26.1108,C26TTN,,2026-03-07,KH-00404
BH26.1109,C26TTN,,2026-03-07,KH-00564
BH26.1110,C26TTN,,2026-03-07,KH-00386
BH26.1112,C26TTN,,2026-03-07,KH-00497
BH26.1113,C26TTN,,2026-03-07,KH-00502
BH26.1114,C26TTN,,2026-03-07,KH-00042
BH26.1115,C26TTN,,2026-03-07,KH-00431
BH26.1119,C26TTN,,2026-03-07,KH-00549
BH26.1120,C26TTN,,2026-03-07,KH-00512
BH26.1121,C26TTN,,2026-03-07,KH-00408
BH26.1123,C26TTN,,2026-03-07,KH-00585
BH26.1125,C26TTN,,2026-03-08,KH-00157
BH26.1126,C26TTN,,2026-03-09,KH-00014
BH26.1127,C26TTN,,2026-03-09,KH-00010
BH26.1128,C26TTN,,2026-03-09,KH-00010
BH26.1130,C26TTN,,2026-03-09,KH-00346
BH26.1131,C26TTN,,2026-03-09,KH-00346
BH26.1132,C26TTN,,2026-03-09,KH-00387
BH26.1133,C26TTN,,2026-03-09,KH-00562
BH26.1136,C26TTN,,2026-03-09,KH-00501
BH26.1138,C26TTN,,2026-03-09,KH-00134
BH26.1139,C26TTN,,2026-03-09,KH-00495
BH26.1141,C26TTN,,2026-03-09,KH-00560
BH26.1142,C26TTN,,2026-03-09,KH-00490
BH26.1143,C26TTN,,2026-03-09,KH-00523
BH26.1144,C26TTN,,2026-03-09,KH-00444
BH26.1145,C26TTN,,2026-03-09,KH-00353
BH26.1146,C26TTN,,2026-03-09,KH-00649
BH26.1147,C26TTN,,2026-03-09,KH-00450
BH26.1149,C26TTN,,2026-03-09,KH-00194
BH26.1150,C26TTN,,2026-03-09,KH-00426
BH26.1151,C26TTN,,2026-03-09,KH-00364
BH26.1153,C26TTN,,2026-03-09,KH-00385
BH26.1155,C26TTN,,2026-03-09,KH-00528
BH26.1156,C26TTN,,2026-03-09,KH-00486
BH26.1157,C26TTN,,2026-03-09,KH-00509
BH26.1158,C26TTN,,2026-03-09,KH-00366
BH26.1159,C26TTN,,2026-03-09,KH-00447
BH26.1160,C26TTN,,2026-03-09,KH-00430
BH26.1161,C26TTN,,2026-03-09,KH-00364
BH26.1162,C26TTN,,2026-03-09,KH-00385
BH26.1163,C26TTN,,2026-03-09,KH-00359
BH26.1164,C26TTN,,2026-03-09,KH-00091
BH26.1165,C26TTN,,2026-03-09,KH-00435
BH26.1166,C26TTN,,2026-03-09,KH-00147
BH26.1167,C26TTN,,2026-03-09,KH-00018
BH26.1168,C26TTN,,2026-03-09,KH-00018
BH26.1169,C26TTN,,2026-03-09,KH-00133
BH26.1170,C26TTN,,2026-03-09,KH-00492
BH26.1172,C26TTN,,2026-03-09,KH-00157
BH26.1173,C26TTN,,2026-03-09,KH-00157
BH26.1174,C26TTN,,2026-03-09,KH-00157
BH26.1175,C26TTN,,2026-03-09,KH-00157
BH26.1176,C26TTN,,2026-03-10,KH-00157
BH26.1177,C26TTN,,2026-03-10,KH-00181
BH26.1178,C26TTN,,2026-03-10,KH-00336
BH26.1179,C26TTN,,2026-03-10,KH-00405
BH26.1180,C26TTN,,2026-03-10,KH-00379
BH26.1181,C26TTN,,2026-03-10,KH-00426
BH26.1183,C26TTN,,2026-03-10,KH-00493
BH26.1184,C26TTN,,2026-03-10,KH-00385
BH26.1185,C26TTN,,2026-03-10,KH-00508
BH26.1187,C26TTN,,2026-03-10,KH-00563
BH26.1188,C26TTN,,2026-03-10,KH-00404
BH26.1189,C26TTN,,2026-03-10,KH-00366
BH26.1190,C26TTN,,2026-03-10,KH-00091
BH26.1192,C26TTN,,2026-03-10,KH-00453
BH26.1193,C26TTN,,2026-03-10,KH-00219
BH26.1194,C26TTN,,2026-03-10,KH-00475
BH26.1195,C26TTN,,2026-03-10,KH-00476
BH26.1196,C26TTN,,2026-03-10,KH-00414
BH26.1197,C26TTN,,2026-03-10,KH-00359
BH26.1200,C26TTN,,2026-03-10,KH-00245
BH26.1201,C26TTN,,2026-03-10,KH-00245
BH26.1203,C26TTN,,2026-03-11,KH-00417
BH26.1204,C26TTN,,2026-03-11,KH-00613
BH26.1205,C26TTN,,2026-03-11,KH-00464
BH26.1206,C26TTN,,2026-03-11,KH-00553
BH26.1207,C26TTN,,2026-03-11,KH-00346
BH26.1208,C26TTN,,2026-03-11,KH-00521
BH26.1209,C26TTN,,2026-03-11,KH-00386
BH26.1210,C26TTN,,2026-03-11,KH-00489
BH26.1211,C26TTN,,2026-03-11,KH-00389
BH26.1212,C26TTN,,2026-03-11,KH-00372
BH26.1214,C26TTN,,2026-03-11,KH-00076
BH26.1215,C26TTN,,2026-03-11,KH-00577
BH26.1216,C26TTN,,2026-03-11,KH-00609
BH26.1217,C26TTN,,2026-03-11,KH-00284
BH26.1218,C26TTN,,2026-03-11,KH-00373
BH26.1219,C26TTN,,2026-03-11,KH-00373
BH26.1220,C26TTN,,2026-03-11,KH-00027
BH26.1221,C26TTN,,2026-03-11,KH-00470
BH26.1222,C26TTN,,2026-03-11,KH-00088
BH26.1223,C26TTN,,2026-03-11,KH-00420
BH26.1224,C26TTN,,2026-03-11,KH-00407
BH26.1225,C26TTN,,2026-03-11,KH-00218
BH26.1226,C26TTN,,2026-03-11,KH-00596
BH26.1227,C26TTN,,2026-03-11,KH-00385
BH26.1228,C26TTN,,2026-03-11,KH-00363
BH26.1229,C26TTN,,2026-03-11,KH-00563
BH26.1230,C26TTN,,2026-03-11,KH-00485
BH26.1231,C26TTN,,2026-03-11,KH-00459
BH26.1232,C26TTN,,2026-03-11,KH-00506
BH26.1233,C26TTN,,2026-03-11,KH-00414
BH26.1234,C26TTN,,2026-03-11,KH-00091
BH26.1235,C26TTN,,2026-03-12,KH-00048
BH26.1237,C26TTN,,2026-03-12,KH-00377
BH26.1238,C26TTN,,2026-03-12,KH-00543
BH26.1239,C26TTN,,2026-03-12,KH-00665
BH26.1240,C26TTN,,2026-03-12,KH-00665
BH26.1242,C26TTN,,2026-03-12,KH-00503
BH26.1243,C26TTN,,2026-03-12,KH-00503
BH26.1244,C26TTN,,2026-03-12,KH-00587
BH26.1245,C26TTN,,2026-03-12,KH-00587
BH26.1246,C26TTN,,2026-03-12,KH-00510
BH26.1247,C26TTN,,2026-03-12,KH-00352
BH26.1248,C26TTN,,2026-03-12,KH-00650
BH26.1249,C26TTN,,2026-03-12,KH-00650
BH26.1250,C26TTN,,2026-03-12,KH-00049
BH26.1251,C26TTN,,2026-03-12,KH-00049
BH26.1252,C26TTN,,2026-03-12,KH-00683
BH26.1253,C26TTN,,2026-03-12,KH-00683
BH26.1254,C26TTN,,2026-03-12,KH-00024
BH26.1255,C26TTN,,2026-03-12,KH-00481
BH26.1256,C26TTN,,2026-03-12,KH-00530
BH26.1257,C26TTN,,2026-03-12,KH-00514
BH26.1258,C26TTN,,2026-03-12,KH-00513
BH26.1259,C26TTN,,2026-03-12,KH-00563
BH26.1260,C26TTN,,2026-03-12,KH-00563
BH26.1261,C26TTN,,2026-03-12,KH-00562
BH26.1262,C26TTN,,2026-03-12,KH-00562
BH26.1263,C26TTN,,2026-03-12,KH-00477
BH26.1264,C26TTN,,2026-03-12,KH-00477
BH26.1265,C26TTN,,2026-03-13,KH-00536
BH26.1266,C26TTN,,2026-03-13,KH-00004
BH26.1267,C26TTN,,2026-03-13,KH-00556
BH26.1268,C26TTN,,2026-03-13,KH-00556
BH26.1270,C26TTN,,2026-03-13,KH-00359
BH26.1271,C26TTN,,2026-03-13,KH-00419
BH26.1272,C26TTN,,2026-03-13,KH-00402
BH26.1273,C26TTN,,2026-03-13,KH-00502
BH26.1274,C26TTN,,2026-03-13,KH-00502
BH26.1275,C26TTN,,2026-03-13,KH-00594
BH26.1276,C26TTN,,2026-03-13,KH-00692
BH26.1277,C26TTN,,2026-03-13,KH-00534
BH26.1278,C26TTN,,2026-03-13,KH-00347
BH26.1279,C26TTN,,2026-03-13,KH-00347
BH26.1280,C26TTN,,2026-03-13,KH-00659
BH26.1281,C26TTN,,2026-03-13,KH-00659
BH26.1282,C26TTN,,2026-03-13,KH-00533
BH26.1283,C26TTN,,2026-03-13,KH-00451
BH26.1284,C26TTN,,2026-03-13,KH-00548
BH26.1285,C26TTN,,2026-03-13,KH-00359
BH26.1286,C26TTN,,2026-03-13,KH-00527
BH26.1287,C26TTN,,2026-03-13,KH-00527
BH26.1288,C26TTN,,2026-03-13,KH-00472
BH26.1289,C26TTN,,2026-03-13,KH-00702
BH26.1290,C26TTN,,2026-03-13,KH-00091
BH26.1292,C26TTN,,2026-03-13,KH-00157
BH26.1293,C26TTN,,2026-03-13,KH-00157
BH26.1294,C26TTN,,2026-03-14,KH-00630
BH26.1295,C26TTN,,2026-03-14,KH-00630
BH26.1296,C26TTN,,2026-03-14,KH-00575
BH26.1297,C26TTN,,2026-03-14,KH-00466
BH26.1298,C26TTN,,2026-03-14,KH-00428
BH26.1299,C26TTN,,2026-03-14,KH-00042
BH26.1300,C26TTN,,2026-03-14,KH-00652
BH26.1301,C26TTN,,2026-03-14,KH-00007
BH26.1302,C26TTN,,2026-03-14,KH-00007
BH26.1303,C26TTN,,2026-03-14,KH-00356
BH26.1305,C26TTN,,2026-03-14,KH-00370
BH26.1306,C26TTN,,2026-03-14,KH-00657
BH26.1307,C26TTN,,2026-03-14,KH-00076
BH26.1308,C26TTN,,2026-03-14,KH-00486
BH26.1309,C26TTN,,2026-03-14,KH-00486
BH26.1311,C26TTN,,2026-03-14,KH-00526
BH26.1312,C26TTN,,2026-03-14,KH-00147
BH26.1313,C26TTN,,2026-03-14,KH-00147
BH26.1314,C26TTN,,2026-03-14,KH-00586
BH26.1315,C26TTN,,2026-03-14,KH-00512
BH26.1316,C26TTN,,2026-03-14,KH-00449
BH26.1318,C26TTN,,2026-03-14,KH-00550
BH26.1319,C26TTN,,2026-03-14,KH-00549
BH26.1320,C26TTN,,2026-03-14,KH-00423
BH26.1321,C26TTN,,2026-03-14,KH-00102
BH26.1322,C26TTN,,2026-03-14,KH-00484
BH26.1323,C26TTN,,2026-03-14,KH-00463
BH26.1324,C26TTN,,2026-03-14,KH-00463
BH26.1325,C26TTN,,2026-03-14,KH-00509
BH26.1326,C26TTN,,2026-03-14,KH-00516
BH26.1327,C26TTN,,2026-03-14,KH-00373
BH26.1328,C26TTN,,2026-03-14,KH-00651
BH26.1329,C26TTN,,2026-03-14,KH-00180
BH26.1330,C26TTN,,2026-03-14,KH-00404
BH26.1331,C26TTN,,2026-03-14,KH-00366
BH26.1333,C26TTN,,2026-03-15,KH-00157
BH26.1334,C26TTN,,2026-03-15,KH-00157
BH26.1335,C26TTN,,2026-03-16,KH-00019
BH26.1336,C26TTN,,2026-03-16,KH-00019
BH26.1337,C26TTN,,2026-03-16,KH-00019
BH26.1338,C26TTN,,2026-03-16,KH-00019
BH26.1339,C26TTN,,2026-03-16,KH-00019
BH26.1340,C26TTN,,2026-03-16,KH-00019
BH26.1341,C26TTN,,2026-03-16,KH-00019
BH26.1342,C26TTN,,2026-03-16,KH-00019
BH26.1343,C26TTN,,2026-03-16,KH-00019
BH26.1345,C26TTN,,2026-03-16,KH-00674
BH26.1346,C26TTN,,2026-03-16,KH-00672
BH26.1347,C26TTN,,2026-03-16,KH-00091
BH26.1348,C26TTN,,2026-03-16,KH-00288
BH26.1349,C26TTN,,2026-03-16,KH-00504
BH26.1350,C26TTN,,2026-03-16,KH-00664
BH26.1351,C26TTN,,2026-03-16,KH-00605
BH26.1353,C26TTN,,2026-03-16,KH-00605
BH26.1354,C26TTN,,2026-03-16,KH-00605
BH26.1355,C26TTN,,2026-03-16,KH-00560
BH26.1356,C26TTN,,2026-03-16,KH-00566
BH26.1357,C26TTN,,2026-03-16,KH-00382
BH26.1358,C26TTN,,2026-03-16,KH-00383
BH26.1359,C26TTN,,2026-03-16,KH-00162
BH26.1360,C26TTN,,2026-03-16,KH-00168
BH26.1361,C26TTN,,2026-03-16,KH-00044
BH26.1362,C26TTN,,2026-03-16,KH-00024
BH26.1366,C26TTN,,2026-03-16,KH-00349
BH26.1368,C26TTN,,2026-03-16,KH-00653
BH26.1369,C26TTN,,2026-03-16,KH-00042
BH26.1371,C26TTN,,2026-03-16,KH-00524
BH26.1372,C26TTN,,2026-03-16,KH-00523
BH26.1373,C26TTN,,2026-03-16,KH-00523
BH26.1374,C26TTN,,2026-03-16,KH-00559
BH26.1375,C26TTN,,2026-03-16,KH-00408
BH26.1376,C26TTN,,2026-03-16,KH-00091
BH26.1378,C26TTN,,2026-03-17,KH-00091
BH26.1380,C26TTN,,2026-03-17,KH-00004
BH26.1381,C26TTN,,2026-03-17,KH-00661
BH26.1382,C26TTN,,2026-03-17,KH-00662
BH26.1383,C26TTN,,2026-03-17,KH-00405
BH26.1384,C26TTN,,2026-03-17,KH-00457
BH26.1385,C26TTN,,2026-03-17,KH-00501
BH26.1386,C26TTN,,2026-03-17,KH-00018
BH26.1387,C26TTN,,2026-03-17,KH-00018
BH26.1388,C26TTN,,2026-03-17,KH-00488
BH26.1389,C26TTN,,2026-03-17,KH-00383
BH26.1390,C26TTN,,2026-03-17,KH-00218
BH26.1391,C26TTN,,2026-03-17,KH-00363
BH26.1392,C26TTN,,2026-03-17,KH-00385
BH26.1393,C26TTN,,2026-03-17,KH-00046
BH26.1394,C26TTN,,2026-03-18,KH-00091
BH26.1395,C26TTN,,2026-03-18,KH-00357
BH26.1399,C26TTN,,2026-03-18,KH-00558
BH26.1400,C26TTN,,2026-03-18,KH-00558
BH26.1401,C26TTN,,2026-03-18,KH-00584
BH26.1402,C26TTN,,2026-03-18,KH-00666
BH26.1403,C26TTN,,2026-03-18,KH-00608
BH26.1404,C26TTN,,2026-03-18,KH-00608
BH26.1405,C26TTN,,2026-03-18,KH-00608
BH26.1406,C26TTN,,2026-03-18,KH-00006
BH26.1407,C26TTN,,2026-03-18,KH-00006
BH26.1408,C26TTN,,2026-03-18,KH-00006
BH26.1409,C26TTN,,2026-03-18,KH-00006
BH26.1410,C26TTN,,2026-03-18,KH-00006
BH26.1411,C26TTN,,2026-03-18,KH-00006
BH26.1412,C26TTN,,2026-03-18,KH-00580
BH26.1413,C26TTN,,2026-03-18,KH-00580
BH26.1415,C26TTN,,2026-03-18,KH-00384
BH26.1416,C26TTN,,2026-03-18,KH-00465
BH26.1417,C26TTN,,2026-03-18,KH-00597
BH26.1418,C26TTN,,2026-03-18,KH-00639
BH26.1419,C26TTN,,2026-03-18,KH-00360
BH26.1420,C26TTN,,2026-03-18,KH-00360
BH26.1421,C26TTN,,2026-03-18,KH-00007
BH26.1422,C26TTN,,2026-03-18,KH-00007
BH26.1423,C26TTN,,2026-03-18,KH-00372
BH26.1424,C26TTN,,2026-03-18,KH-00652
BH26.1425,C26TTN,,2026-03-18,KH-00690
BH26.1426,C26TTN,,2026-03-18,KH-00458
BH26.1427,C26TTN,,2026-03-18,KH-00680
BH26.1428,C26TTN,,2026-03-18,KH-00455
BH26.1429,C26TTN,,2026-03-19,KH-00091
BH26.1433,C26TTN,,2026-03-19,KH-00494
BH26.1434,C26TTN,,2026-03-19,KH-00349
BH26.1435,C26TTN,,2026-03-19,KH-00349
BH26.1436,C26TTN,,2026-03-19,KH-00513
BH26.1438,C26TTN,,2026-03-19,KH-00610
BH26.1442,C26TTN,,2026-03-19,KH-00441
BH26.1443,C26TTN,,2026-03-19,KH-00529
BH26.1444,C26TTN,,2026-03-19,KH-00027
BH26.1445,C26TTN,,2026-03-19,KH-00027
BH26.1446,C26TTN,,2026-03-19,KH-00420
BH26.1447,C26TTN,,2026-03-19,KH-00420
BH26.1448,C26TTN,,2026-03-19,KH-00446
BH26.1449,C26TTN,,2026-03-19,KH-00691
BH26.1450,C26TTN,,2026-03-19,KH-00578
BH26.1451,C26TTN,,2026-03-19,KH-00578
BH26.1455,C26TTN,,2026-03-19,KH-00350
BH26.1456,C26TTN,,2026-03-19,KH-00664
BH26.1457,C26TTN,,2026-03-19,KH-00679
BH26.1458,C26TTN,,2026-03-19,KH-00536
BH26.1461,C26TTN,,2026-03-19,KH-00511
BH26.1462,C26TTN,,2026-03-19,KH-00498
BH26.1463,C26TTN,,2026-03-19,KH-00634
BH26.1464,C26TTN,,2026-03-19,KH-00674
BH26.1465,C26TTN,,2026-03-19,KH-00671
BH26.1466,C26TTN,,2026-03-19,KH-00157
BH26.1467,C26TTN,,2026-03-20,KH-00091
BH26.1468,C26TTN,,2026-03-20,KH-00582
BH26.1469,C26TTN,,2026-03-20,KH-00581
BH26.1470,C26TTN,,2026-03-20,KH-00556
BH26.1471,C26TTN,,2026-03-20,KH-00424
BH26.1472,C26TTN,,2026-03-20,KH-00401
BH26.1473,C26TTN,,2026-03-20,KH-00447
BH26.1474,C26TTN,,2026-03-20,KH-00663
BH26.1475,C26TTN,,2026-03-20,KH-00430
BH26.1476,C26TTN,,2026-03-20,KH-00569
BH26.1477,C26TTN,,2026-03-20,KH-00569
BH26.1478,C26TTN,,2026-03-20,KH-00219
BH26.1479,C26TTN,,2026-03-20,KH-00489
BH26.1480,C26TTN,,2026-03-20,KH-00386
BH26.1481,C26TTN,,2026-03-20,KH-00134
BH26.1482,C26TTN,,2026-03-20,KH-00134
BH26.1483,C26TTN,,2026-03-20,KH-00377
BH26.1484,C26TTN,,2026-03-20,KH-00377
BH26.1485,C26TTN,,2026-03-20,KH-00631
BH26.1486,C26TTN,,2026-03-20,KH-00364
BH26.1487,C26TTN,,2026-03-20,KH-00218
BH26.1489,C26TTN,,2026-03-20,KH-00615
BH26.1490,C26TTN,,2026-03-20,KH-00435
BH26.1491,C26TTN,,2026-03-20,KH-00414
BH26.1492,C26TTN,,2026-03-20,KH-00091
BH26.1493,C26TTN,,2026-03-21,KH-00091
BH26.1494,C26TTN,,2026-03-21,KH-00091
BH26.1495,C26TTN,,2026-03-21,KH-00562
BH26.1496,C26TTN,,2026-03-21,KH-00562
BH26.1497,C26TTN,,2026-03-21,KH-00477
BH26.1498,C26TTN,,2026-03-21,KH-00477
BH26.1499,C26TTN,,2026-03-21,KH-00439
BH26.1500,C26TTN,,2026-03-21,KH-00607
BH26.1501,C26TTN,,2026-03-21,KH-00410
BH26.1503,C26TTN,,2026-03-21,KH-00467
BH26.1505,C26TTN,,2026-03-21,KH-00545
BH26.1506,C26TTN,,2026-03-21,KH-00545
BH26.1507,C26TTN,,2026-03-21,KH-00147
BH26.1508,C26TTN,,2026-03-21,KH-00147
BH26.1510,C26TTN,,2026-03-21,KH-00359
BH26.1511,C26TTN,,2026-03-21,KH-00496
BH26.1512,C26TTN,,2026-03-21,KH-00426
BH26.1513,C26TTN,,2026-03-21,KH-00354
BH26.1514,C26TTN,,2026-03-21,KH-00606
BH26.1515,C26TTN,,2026-03-21,KH-00606
BH26.1516,C26TTN,,2026-03-21,KH-00486
BH26.1517,C26TTN,,2026-03-21,KH-00403
BH26.1518,C26TTN,,2026-03-21,KH-00014
BH26.1519,C26TTN,,2026-03-21,KH-00014
BH26.1520,C26TTN,,2026-03-21,KH-00351
BH26.1521,C26TTN,,2026-03-21,KH-00351
BH26.1522,C26TTN,,2026-03-21,KH-00395
BH26.1523,C26TTN,,2026-03-21,KH-00646
BH26.1524,C26TTN,,2026-03-21,KH-00646
BH26.1525,C26TTN,,2026-03-21,KH-00517
BH26.1526,C26TTN,,2026-03-21,KH-00437
BH26.1527,C26TTN,,2026-03-21,KH-00437
BH26.1528,C26TTN,,2026-03-21,KH-00646
BH26.1529,C26TTN,,2026-03-21,KH-00518
BH26.1530,C26TTN,,2026-03-21,KH-00442
BH26.1531,C26TTN,,2026-03-21,KH-00442
BH26.1533,C26TTN,,2026-03-21,KH-00659
BH26.1534,C26TTN,,2026-03-21,KH-00473
BH26.1535,C26TTN,,2026-03-21,KH-00505
BH26.1536,C26TTN,,2026-03-21,KH-00455
BH26.1537,C26TTN,,2026-03-22,KH-00157
BH26.1538,C26TTN,,2026-03-23,KH-00091
BH26.1539,C26TTN,,2026-03-23,KH-00555
BH26.1540,C26TTN,,2026-03-23,KH-00091
BH26.1542,C26TTN,,2026-03-23,KH-00022
BH26.1543,C26TTN,,2026-03-23,KH-00667
BH26.1545,C26TTN,,2026-03-23,KH-00557
BH26.1548,C26TTN,,2026-03-23,KH-00157
BH26.1552,C26TTN,,2026-03-23,KH-00157
BH26.1555,C26TTN,,2026-03-23,KH-00157
BH26.1558,C26TTN,,2026-03-23,KH-00157
BH26.1559,C26TTN,,2026-03-23,KH-00157
BH26.1562,C26TTN,,2026-03-23,KH-00157
BH26.1563,C26TTN,,2026-03-23,KH-00157
BH26.1565,C26TTN,,2026-03-23,KH-00157
BH26.1567,C26TTN,,2026-03-23,KH-00157
BH26.1568,C26TTN,,2026-03-23,KH-00157
BH26.1570,C26TTN,,2026-03-23,KH-00157
BH26.1571,C26TTN,,2026-03-23,KH-00157
BH26.1579,C26TTN,,2026-03-23,KH-00157
BH26.1580,C26TTN,,2026-03-23,KH-00157
BH26.1584,C26TTN,,2026-03-24,KH-00091
BH26.1585,C26TTN,,2026-03-24,KH-00010
BH26.1587,C26TTN,,2026-03-24,KH-00369
BH26.1588,C26TTN,,2026-03-24,KH-00558
BH26.1589,C26TTN,,2026-03-24,KH-00558
BH26.1590,C26TTN,,2026-03-24,KH-00558
BH26.1591,C26TTN,,2026-03-24,KH-00558
BH26.1592,C26TTN,,2026-03-24,KH-00010
BH26.1593,C26TTN,,2026-03-24,KH-00010
BH26.1596,C26TTN,,2026-03-24,KH-00673
BH26.1597,C26TTN,,2026-03-24,KH-00470
BH26.1598,C26TTN,,2026-03-24,KH-00366
BH26.1599,C26TTN,,2026-03-24,KH-00378
BH26.1600,C26TTN,,2026-03-24,KH-00506
BH26.1601,C26TTN,,2026-03-24,KH-00506
BH26.1602,C26TTN,,2026-03-24,KH-00523
BH26.1603,C26TTN,,2026-03-24,KH-00523
BH26.1604,C26TTN,,2026-03-24,KH-00605
BH26.1605,C26TTN,,2026-03-24,KH-00605
BH26.1606,C26TTN,,2026-03-24,KH-00605
BH26.1607,C26TTN,,2026-03-24,KH-00157
BH26.1608,C26TTN,,2026-03-24,KH-00157
BH26.1612,C26TTN,,2026-03-24,KH-00157
BH26.1621,C26TTN,,2026-03-24,KH-00157
BH26.1630,C26TTN,,2026-03-24,KH-00157
BH26.1634,C26TTN,,2026-03-24,KH-00157
BH26.1635,C26TTN,,2026-03-24,KH-00157
BH26.1640,C26TTN,,2026-03-24,KH-00157
BH26.1642,C26TTN,,2026-03-25,KH-00604
BH26.1644,C26TTN,,2026-03-25,KH-00368
BH26.1645,C26TTN,,2026-03-25,KH-00368
BH26.1646,C26TTN,,2026-03-25,KH-00368
BH26.1647,C26TTN,,2026-03-25,KH-00368
BH26.1648,C26TTN,,2026-03-25,KH-00656
BH26.1649,C26TTN,,2026-03-25,KH-00656
BH26.1650,C26TTN,,2026-03-25,KH-00656
BH26.1651,C26TTN,,2026-03-25,KH-00656
BH26.1652,C26TTN,,2026-03-25,KH-00668
BH26.1653,C26TTN,,2026-03-25,KH-00568
BH26.1654,C26TTN,,2026-03-25,KH-00568
BH26.1655,C26TTN,,2026-03-25,KH-00567
BH26.1656,C26TTN,,2026-03-25,KH-00567
BH26.1657,C26TTN,,2026-03-25,KH-00365
BH26.1658,C26TTN,,2026-03-25,KH-00445
BH26.1659,C26TTN,,2026-03-25,KH-00570
BH26.1660,C26TTN,,2026-03-25,KH-00570
BH26.1661,C26TTN,,2026-03-25,KH-00463
BH26.1662,C26TTN,,2026-03-25,KH-00358
BH26.1663,C26TTN,,2026-03-25,KH-00133
BH26.1664,C26TTN,,2026-03-25,KH-00492
BH26.1665,C26TTN,,2026-03-25,KH-00559
BH26.1666,C26TTN,,2026-03-25,KH-00614
BH26.1667,C26TTN,,2026-03-25,KH-00575
BH26.1669,C26TTN,,2026-03-25,KH-00486
BH26.1670,C26TTN,,2026-03-25,KH-00510
BH26.1671,C26TTN,,2026-03-25,KH-00650
BH26.1672,C26TTN,,2026-03-25,KH-00079
BH26.1673,C26TTN,,2026-03-25,KH-00079
BH26.1675,C26TTN,,2026-03-25,KH-00024
BH26.1676,C26TTN,,2026-03-25,KH-00024
BH26.1677,C26TTN,,2026-03-25,KH-00383
BH26.1678,C26TTN,,2026-03-25,KH-00383
BH26.1679,C26TTN,,2026-03-25,KH-00453
BH26.1680,C26TTN,,2026-03-25,KH-00453
BH26.1681,C26TTN,,2026-03-25,KH-00634
BH26.1682,C26TTN,,2026-03-25,KH-00390
BH26.1683,C26TTN,,2026-03-25,KH-00390
BH26.1684,C26TTN,,2026-03-25,KH-00432
BH26.1685,C26TTN,,2026-03-25,KH-00448
BH26.1686,C26TTN,,2026-03-25,KH-00433
BH26.1687,C26TTN,,2026-03-25,KH-00433
BH26.1688,C26TTN,,2026-03-25,KH-00588
BH26.1689,C26TTN,,2026-03-25,KH-00503
BH26.1690,C26TTN,,2026-03-25,KH-00481
BH26.1691,C26TTN,,2026-03-25,KH-00397
BH26.1692,C26TTN,,2026-03-25,KH-00397
BH26.1694,C26TTN,,2026-03-25,KH-00531
BH26.1695,C26TTN,,2026-03-25,KH-00339
BH26.1696,C26TTN,,2026-03-25,KH-00339
BH26.1697,C26TTN,,2026-03-25,KH-00339
BH26.1699,C26TTN,,2026-03-25,KH-00018
BH26.1700,C26TTN,,2026-03-25,KH-00018
BH26.1701,C26TTN,,2026-03-25,KH-00665
BH26.1702,C26TTN,,2026-03-25,KH-00665
BH26.1703,C26TTN,,2026-03-25,KH-00440
BH26.1704,C26TTN,,2026-03-25,KH-00436
BH26.1705,C26TTN,,2026-03-25,KH-00373
BH26.1706,C26TTN,,2026-03-25,KH-00385
BH26.1707,C26TTN,,2026-03-25,KH-00385
BH26.1708,C26TTN,,2026-03-25,KH-00515
BH26.1709,C26TTN,,2026-03-25,KH-00515
BH26.1710,C26TTN,,2026-03-25,KH-00493
BH26.1711,C26TTN,,2026-03-25,KH-00493
BH26.1712,C26TTN,,2026-03-25,KH-00508
BH26.1713,C26TTN,,2026-03-25,KH-00481
BH26.1714,C26TTN,,2026-03-25,KH-00531
BH26.1716,C26TTN,,2026-03-25,KH-00603
BH26.1717,C26TTN,,2026-03-25,KH-00475
BH26.1718,C26TTN,,2026-03-25,KH-00600
BH26.1719,C26TTN,,2026-03-25,KH-00611
BH26.1721,C26TTN,,2026-03-25,KH-00564
BH26.1722,C26TTN,,2026-03-25,KH-00564
BH26.1724,C26TTN,,2026-03-25,KH-00386
BH26.1725,C26TTN,,2026-03-25,KH-00386
BH26.1726,C26TTN,,2026-03-25,KH-00629
BH26.1729,C26TTN,,2026-03-25,KH-00072
BH26.1731,C26TTN,,2026-03-25,KH-00392
BH26.1732,C26TTN,,2026-03-25,KH-00391
BH26.1733,C26TTN,,2026-03-25,KH-00372
BH26.1735,C26TTN,,2026-03-25,KH-00380
BH26.1736,C26TTN,,2026-03-25,KH-00380
BH26.1737,C26TTN,,2026-03-25,KH-00497
BH26.1738,C26TTN,,2026-03-25,KH-00621
BH26.1740,C26TTN,,2026-03-25,KH-00525
BH26.1741,C26TTN,,2026-03-25,KH-00571
BH26.1742,C26TTN,,2026-03-25,KH-00571
BH26.1743,C26TTN,,2026-03-25,KH-00549
BH26.1747,C26TTN,,2026-03-25,KH-00543
BH26.1748,C26TTN,,2026-03-25,KH-00623
BH26.1749,C26TTN,,2026-03-25,KH-00623
BH26.1750,C26TTN,,2026-03-25,KH-00573
BH26.1751,C26TTN,,2026-03-25,KH-00465
BH26.1752,C26TTN,,2026-03-25,KH-00465
BH26.1755,C26TTN,,2026-03-25,KH-00076
BH26.1757,C26TTN,,2026-03-25,KH-00543
BH26.1762,C26TTN,,2026-03-25,KH-00157
BH26.1763,C26TTN,,2026-03-25,KH-00157
BH26.1764,C26TTN,,2026-03-25,KH-00157
BH26.1768,C26TTN,,2026-03-25,KH-00157
BH26.1769,C26TTN,,2026-03-25,KH-00157
BH26.1772,C26TTN,,2026-03-25,KH-00157
BH26.1776,C26TTN,,2026-03-25,KH-00157
BH26.1778,C26TTN,,2026-03-25,KH-00157
BH26.1779,C26TTN,,2026-03-25,KH-00157
BH26.1783,C26TTN,,2026-03-25,KH-00157
BH26.1784,C26TTN,,2026-03-25,KH-00157
BH26.1787,C26TTN,,2026-03-25,KH-00157
BH26.1790,C26TTN,,2026-03-25,KH-00157
BH26.1792,C26TTN,,2026-03-25,KH-00157
BH26.1793,C26TTN,,2026-03-25,KH-00157
BH26.1794,C26TTN,,2026-03-26,KH-00694
BH26.1795,C26TTN,,2026-03-26,KH-00019
BH26.1796,C26TTN,,2026-03-26,KH-00019
BH26.1797,C26TTN,,2026-03-26,KH-00019
BH26.1798,C26TTN,,2026-03-26,KH-00019
BH26.1799,C26TTN,,2026-03-26,KH-00338
BH26.1800,C26TTN,,2026-03-26,KH-00338
BH26.1801,C26TTN,,2026-03-26,KH-00338
BH26.1802,C26TTN,,2026-03-26,KH-00091
BH26.1803,C26TTN,,2026-03-27,KH-00006
BH26.1804,C26TTN,,2026-03-27,KH-00006
BH26.1805,C26TTN,,2026-03-27,KH-00006
BH26.1806,C26TTN,,2026-03-27,KH-00006
BH26.1807,C26TTN,,2026-03-27,KH-00006
BH26.1808,C26TTN,,2026-03-27,KH-00006
BH26.1809,C26TTN,,2026-03-27,KH-00006
BH26.1811,C26TTN,,2026-03-27,KH-00091
BH26.1814,C26TTN,,2026-03-27,KH-00654
BH26.1815,C26TTN,,2026-03-27,KH-00654
BH26.1817,C26TTN,,2026-03-27,KH-00544
BH26.1818,C26TTN,,2026-03-27,KH-00544
BH26.1819,C26TTN,,2026-03-27,KH-00563
BH26.1820,C26TTN,,2026-03-27,KH-00414
BH26.1821,C26TTN,,2026-03-27,KH-00463
BH26.1822,C26TTN,,2026-03-27,KH-00353
BH26.1823,C26TTN,,2026-03-27,KH-00353
BH26.1824,C26TTN,,2026-03-27,KH-00147
BH26.1825,C26TTN,,2026-03-27,KH-00147
BH26.1827,C26TTN,,2026-03-27,KH-00219
BH26.1828,C26TTN,,2026-03-27,KH-00219
BH26.1829,C26TTN,,2026-03-27,KH-00521
BH26.1830,C26TTN,,2026-03-27,KH-00521
BH26.1831,C26TTN,,2026-03-27,KH-00381
BH26.1832,C26TTN,,2026-03-27,KH-00381
BH26.1833,C26TTN,,2026-03-27,KH-00555
BH26.1834,C26TTN,,2026-03-27,KH-00555
BH26.1835,C26TTN,,2026-03-27,KH-00365
BH26.1836,C26TTN,,2026-03-27,KH-00365
BH26.1837,C26TTN,,2026-03-27,KH-00437
BH26.1838,C26TTN,,2026-03-27,KH-00700
BH26.1839,C26TTN,,2026-03-27,KH-00498
BH26.1840,C26TTN,,2026-03-27,KH-00498
BH26.1841,C26TTN,,2026-03-27,KH-00563
BH26.1842,C26TTN,,2026-03-27,KH-00563
BH26.1843,C26TTN,,2026-03-27,KH-00435
BH26.1844,C26TTN,,2026-03-27,KH-00635
BH26.1845,C26TTN,,2026-03-27,KH-00635
BH26.1848,C26TTN,,2026-03-27,KH-00426
BH26.1849,C26TTN,,2026-03-27,KH-00404
BH26.1850,C26TTN,,2026-03-27,KH-00408
BH26.1851,C26TTN,,2026-03-27,KH-00408
BH26.1852,C26TTN,,2026-03-27,KH-00366
BH26.1853,C26TTN,,2026-03-27,KH-00485
BH26.1854,C26TTN,,2026-03-27,KH-00485
BH26.1855,C26TTN,,2026-03-27,KH-00601
BH26.1856,C26TTN,,2026-03-27,KH-00601
BH26.1857,C26TTN,,2026-03-27,KH-00444
BH26.1858,C26TTN,,2026-03-27,KH-00444
BH26.1859,C26TTN,,2026-03-27,KH-00495
BH26.1860,C26TTN,,2026-03-27,KH-00434
BH26.1861,C26TTN,,2026-03-27,KH-00359
BH26.1862,C26TTN,,2026-03-27,KH-00027
BH26.1863,C26TTN,,2026-03-27,KH-00027
BH26.1865,C26TTN,,2026-03-27,KH-00659
BH26.1868,C26TTN,,2026-03-27,KH-00686
BH26.1869,C26TTN,,2026-03-27,KH-00649
BH26.1870,C26TTN,,2026-03-27,KH-00649
BH26.1871,C26TTN,,2026-03-27,KH-00634
BH26.1872,C26TTN,,2026-03-27,KH-00634
BH26.1873,C26TTN,,2026-03-27,KH-00653
BH26.1874,C26TTN,,2026-03-27,KH-00653
BH26.1876,C26TTN,,2026-03-27,KH-00382
BH26.1877,C26TTN,,2026-03-27,KH-00024
BH26.1878,C26TTN,,2026-03-27,KH-00024
BH26.1882,C26TTN,,2026-03-27,KH-00157
BH26.1883,C26TTN,,2026-03-27,KH-00157
BH26.1884,C26TTN,,2026-03-27,KH-00157
BH26.1886,C26TTN,,2026-03-27,KH-00157
BH26.1887,C26TTN,,2026-03-27,KH-00157
BH26.1888,C26TTN,,2026-03-27,KH-00157
BH26.1889,C26TTN,,2026-03-27,KH-00157
BH26.1895,C26TTN,,2026-03-27,KH-00157
BH26.1901,C26TTN,,2026-03-27,KH-00157
BH26.1906,C26TTN,,2026-03-27,KH-00157
BH26.1907,C26TTN,,2026-03-27,KH-00157
BH26.1911,C26TTN,,2026-03-27,KH-00157
BH26.1914,C26TTN,,2026-03-28,KH-00091
BH26.1915,C26TTN,,2026-03-28,KH-00622
BH26.1916,C26TTN,,2026-03-28,KH-00482
BH26.1917,C26TTN,,2026-03-28,KH-00482
BH26.1919,C26TTN,,2026-03-28,KH-00674
BH26.1920,C26TTN,,2026-03-28,KH-00674
BH26.1921,C26TTN,,2026-03-28,KH-00674
BH26.1922,C26TTN,,2026-03-28,KH-00674
BH26.1923,C26TTN,,2026-03-28,KH-00674
BH26.1924,C26TTN,,2026-03-28,KH-00674
BH26.1929,C26TTN,,2026-03-29,KH-00018
BH26.1930,C26TTN,,2026-03-29,KH-00018
BH26.1931,C26TTN,,2026-03-29,KH-00547
BH26.1932,C26TTN,,2026-03-29,KH-00364
BH26.1933,C26TTN,,2026-03-29,KH-00363
BH26.1934,C26TTN,,2026-03-29,KH-00463
BH26.1935,C26TTN,,2026-03-29,KH-00463
BH26.1936,C26TTN,,2026-03-29,KH-00339
BH26.1937,C26TTN,,2026-03-29,KH-00339
BH26.1938,C26TTN,,2026-03-29,KH-00339
BH26.1940,C26TTN,,2026-03-29,KH-00458
BH26.1941,C26TTN,,2026-03-29,KH-00701
BH26.1945,C26TTN,,2026-03-29,KH-00157
BH26.1946,C26TTN,,2026-03-29,KH-00157
BH26.1947,C26TTN,,2026-03-29,KH-00157
BH26.1948,C26TTN,,2026-03-30,KH-00091
BH26.1949,C26TTN,,2026-03-30,KH-00558
BH26.1950,C26TTN,,2026-03-30,KH-00558
BH26.1951,C26TTN,,2026-03-30,KH-00558
BH26.1952,C26TTN,,2026-03-30,KH-00558
BH26.1955,C26TTN,,2026-03-30,KH-00441
BH26.1956,C26TTN,,2026-03-30,KH-00690
BH26.1957,C26TTN,,2026-03-30,KH-00690
BH26.1958,C26TTN,,2026-03-30,KH-00091
BH26.1959,C26TTN,,2026-03-30,KH-00471
BH26.1962,C26TTN,,2026-03-30,KH-00526
BH26.1963,C26TTN,,2026-03-30,KH-00526
BH26.1964,C26TTN,,2026-03-30,KH-00475
BH26.1965,C26TTN,,2026-03-30,KH-00475
BH26.1966,C26TTN,,2026-03-30,KH-00378
BH26.1967,C26TTN,,2026-03-30,KH-00378
BH26.1968,C26TTN,,2026-03-30,KH-00665
BH26.1969,C26TTN,,2026-03-30,KH-00368
BH26.1970,C26TTN,,2026-03-30,KH-00368
BH26.1971,C26TTN,,2026-03-30,KH-00368
BH26.1972,C26TTN,,2026-03-30,KH-00562
BH26.1973,C26TTN,,2026-03-30,KH-00562
BH26.1974,C26TTN,,2026-03-30,KH-00349
BH26.1975,C26TTN,,2026-03-30,KH-00349
BH26.1976,C26TTN,,2026-03-30,KH-00194
BH26.1977,C26TTN,,2026-03-30,KH-00194
BH26.1978,C26TTN,,2026-03-30,KH-00494
BH26.1979,C26TTN,,2026-03-30,KH-00494
BH26.1980,C26TTN,,2026-03-30,KH-00646
BH26.1981,C26TTN,,2026-03-30,KH-00646
BH26.1983,C26TTN,,2026-03-31,KH-00091
BH26.1986,C26TTN,,2026-03-31,KH-00023
BH26.1989,C26TTN,,2026-03-31,KH-00048
BH26.1990,C26TTN,,2026-03-31,KH-00387
BH26.1991,C26TTN,,2026-03-31,KH-00387
BH26.1993,C26TTN,,2026-03-31,KH-00287
BH26.1995,C26TTN,,2026-03-31,KH-00436
BH26.1996,C26TTN,,2026-03-31,KH-00284
BH26.1997,C26TTN,,2026-03-31,KH-00284
BH26.1998,C26TTN,,2026-03-31,KH-00486
BH26.1999,C26TTN,,2026-03-31,KH-00014
BH26.2000,C26TTN,,2026-03-31,KH-00014
BH26.2001,C26TTN,,2026-03-31,KH-00509
BH26.2002,C26TTN,,2026-03-31,KH-00509
BH26.2004,C26TTN,,2026-03-31,KH-00665
BH26.2005,C26TTN,,2026-03-31,KH-00377
BH26.2006,C26TTN,,2026-03-31,KH-00377
BH26.2009,C26TTN,,2026-03-31,KH-00594
BH26.2010,C26TTN,,2026-03-31,KH-00667
BH26.2011,C26TTN,,2026-03-31,KH-00489
BH26.2012,C26TTN,,2026-03-31,KH-00024
BH26.2013,C26TTN,,2026-03-31,KH-00439
BH26.2014,C26TTN,,2026-03-31,KH-00024
BH26.2016,C26TTN,,2026-03-31,KH-00469
BH26.2017,C26TTN,,2026-03-31,KH-00469
BH26.2018,C26TTN,,2026-03-31,KH-00607
BH26.2019,C26TTN,,2026-03-31,KH-00365
BH26.2020,C26TTN,,2026-03-31,KH-00377
BH26.2021,C26TTN,,2026-03-31,KH-00377
BH26.2022,C26TTN,,2026-03-31,KH-00368
BH26.2023,C26TTN,,2026-03-31,KH-00368
BH26.2024,C26TTN,,2026-03-31,KH-00630
BH26.2025,C26TTN,,2026-03-31,KH-00630
BH26.2026,C26TTN,,2026-03-31,KH-00369
BH26.2027,C26TTN,,2026-03-31,KH-00369
BH26.2028,C26TTN,,2026-03-31,KH-00356
BH26.2029,C26TTN,,2026-03-31,KH-00393
BH26.2030,C26TTN,,2026-03-31,KH-00027
BH26.2031,C26TTN,,2026-03-31,KH-00027
BH26.2032,C26TTN,,2026-03-31,KH-00147
BH26.2033,C26TTN,,2026-03-31,KH-00147
BH26.2034,C26TTN,,2026-03-31,KH-00404
BH26.2036,C26TTN,,2026-03-31,KH-00403
BH26.2037,C26TTN,,2026-03-31,KH-00405
BH26.2039,C26TTN,,2026-03-31,KH-00492
BH26.2040,C26TTN,,2026-03-31,KH-00492
BH26.2041,C26TTN,,2026-03-31,KH-00501
BH26.2042,C26TTN,,2026-03-31,KH-00501
BH26.2044,C26TTN,,2026-03-31,KH-00348
BH26.2045,C26TTN,,2026-03-31,KH-00488
BH26.2046,C26TTN,,2026-03-31,KH-00386
BH26.2047,C26TTN,,2026-03-31,KH-00453
BH26.2048,C26TTN,,2026-03-31,KH-00453
BH26.2050,C26TTN,,2026-03-31,KH-00587
BH26.2051,C26TTN,,2026-03-31,KH-00587
BH26.2052,C26TTN,,2026-03-31,KH-00503
BH26.2053,C26TTN,,2026-03-31,KH-00503
BH26.2055,C26TTN,,2026-03-31,KH-00157
BH26.2056,C26TTN,,2026-03-31,KH-00157
BH26.2057,C26TTN,,2026-03-31,KH-00157
BH26.2060,C26TTN,,2026-03-31,KH-00157
BH26.2064,C26TTN,,2026-03-31,KH-00157
BH26.2066,C26TTN,,2026-03-31,KH-00157
